name,email
John Doe,johndoe1@example.com
Jane Smith,janesmith1@example.com
Robert Brown,robertbrown1@example.com
Emily Davis,emilydavis1@example.com
Michael Johnson,michaeljohnson1@example.com
Mary Williams,marywilliams1@example.com
David Jones,davidjones1@example.com
Sarah Taylor,sarahtaylor1@example.com
James Wilson,jameswilson1@example.com
Patricia Martinez,patriciamartinez1@example.com
Daniel Anderson,danielanderson1@example.com
Linda Thomas,lindathomas1@example.com
Christopher Lee,christopherlee1@example.com
Barbara Moore,barbaramoore1@example.com
Matthew Harris,matthewharris1@example.com
Jennifer Clark,jenniferclark1@example.com
Joshua Lewis,joshualewis1@example.com
Susan Walker,susanwalker1@example.com
Andrew Young,andrewyoung1@example.com
Karen Hall,karenhall1@example.com
Joseph King,josephking1@example.com
Betty Wright,bettywright1@example.com
Brian Green,briangreen1@example.com
Sandra Adams,sandraadams1@example.com
Kevin Nelson,kevinnelson1@example.com
Nancy Baker,nancybaker1@example.com
Gary Carter,garycarter1@example.com
Margaret Mitchell,margaretmitchell1@example.com
Paul Perez,paulperez1@example.com
Elizabeth Roberts,elizabethroberts1@example.com
Mark Turner,markturner1@example.com
Laura Phillips,lauraphillips1@example.com
Steven Campbell,stevencampbell1@example.com
Michelle Parker,michelleparker1@example.com
Anthony Evans,anthonyevans1@example.com
Deborah Edwards,deborahedwards1@example.com
Richard Collins,richardcollins1@example.com
Jessica Stewart,jessicastewart1@example.com
Charles Sanchez,charlessanchez1@example.com
Dorothy Morris,dorothymorris1@example.com
Thomas Rogers,thomasrogers1@example.com
Sharon Reed,sharonreed1@example.com
Christopher Cook,christophercook1@example.com
Angela Morgan,angelamorgan1@example.com
Justin Bell,justinbell1@example.com
Cynthia Murphy,cynthiamurphy1@example.com
Joshua Bailey,joshuabailey1@example.com
Karen Rivera,karenrivera1@example.com
Jacob Foster,jacobfoster1@example.com
